End station #,LATITUDE,LONGITUDE
31634,38.87501,-77.0024
31215,38.902221,-77.059219
31270,38.894851,-77.02324
31623,38.89696,-77.00493
31624,38.897446,-77.009888
31503,38.9126,-77.0135
31314,38.903663,-77.067668
31281,38.90864,-77.02277
31088,38.833077,-77.059821
31113,38.920669,-77.04368
31255,38.9066,-77.05152
31505,38.910972,-77.00495
31511,38.928644,-76.990955
31228,38.8997,-77.023086
31063,38.852248,-77.105022
31202,38.912939,-77.032085
31241,38.9059,-77.0325
31260,38.896104,-77.049882
31283,38.903658,-77.031737
31104,38.922925,-77.042581
31224,38.903407,-77.043648
31513,38.918155,-77.004746
31639,38.89967,-77.003666
31250,38.903584,-77.044789
31603,38.9057,-77.0056
31119,38.921074,-77.031887
31612,38.894758,-76.997114
31610,38.886952,-76.996806
31275,38.901755,-77.051084
31102,38.929464,-77.027822
31276,38.90366,-77.034846
31229,38.91554,-77.03818
31200,38.9101,-77.0444
31636,38.90706,-77.015231
31103,38.926088,-77.036536
31400,38.936043,-77.024649
31280,38.913761,-77.027025
31625,38.881185,-77.001828
31613,38.884,-76.995397
31017,38.891696,-77.0846
31005,38.862303,-77.059936
31641,38.894972,-77.003135
31230,38.898364,-77.027869
31302,38.934881,-77.072755
31238,38.898385,-77.031666
31631,38.897274,-76.994749
31123,38.925284,-77.032375
31223,38.905737,-77.02227
31514,38.927497,-76.997194
32026,38.977933,-77.006472
31245,38.912719,-77.022155
31239,38.905996,-77.039802
31248,38.888767,-77.02858
31249,38.879819,-77.037413
31234,38.908905,-77.04478
31267,38.908142,-77.038359
31246,38.905126,-77.056887
31618,38.889955,-77.000349
31222,38.899032,-77.033354
31121,38.923583,-77.050046
31105,38.9268,-77.0322
31627,38.90547,-77.00213
31628,38.878854,-77.005727
31042,38.804718,-77.043363
31256,38.895914,-77.026064
31305,38.934267,-77.057979
31258,38.888251,-77.049426
31252,38.901539,-77.046564
31227,38.900283,-77.029822
31512,38.903732,-76.987211
31101,38.9176,-77.0321
31620,38.897222,-77.019347
32034,38.992679,-77.029457
31274,38.898243,-77.026235
31047,38.814577,-77.052808
31237,38.903827,-77.053485
31206,38.8952,-77.0436
31032,38.880834,-77.091129
31235,38.8923,-77.0436
31213,38.90276,-77.03863
31600,38.90304,-77.019027
31243,38.886372,-77.017701
31264,38.894573,-77.01994
31116,38.917761,-77.04062
31632,38.897195,-76.983575
31257,38.90088,-77.048911
31616,38.900412,-77.001949
31109,38.9155,-77.0222
31288,38.890493,-77.017253
31112,38.927872,-77.043358
31014,38.897315,-77.070993
31233,38.902061,-77.038322
31208,38.8763,-77.0037
31605,38.8851,-77.0023
31225,38.90375,-77.06269
31209,38.8743,-77.0057
31614,38.899983,-76.991383
31402,38.947774,-77.032818
31290,38.888097,-77.038325
31289,38.890544,-77.049379
31205,38.9008,-77.047
31404,38.9418,-77.0251
31285,38.909394,-77.048728
31271,38.892275,-77.013917
31219,38.893028,-77.026013
31268,38.916787,-77.028139
31629,38.889988,-76.995193
32010,38.98128,-77.011336
31502,38.9346,-76.9955
31643,38.884916,-77.005965
31242,38.89968,-77.041539
31621,38.895344,-77.016106
31236,38.90774,-77.071652
31291,38.901136,-77.034451
31217,38.886277,-77.028242
31211,38.897293,-77.05557
31110,38.9154,-77.0446
31602,38.9308,-77.0315
31218,38.886266,-77.022241
31204,38.8963,-77.045
31024,38.882788,-77.103148
31115,38.928121,-77.023795
31916,38.829545,-77.047844
31011,38.8533,-77.0498
31262,38.897857,-77.026975
31107,38.9319,-77.0388
31519,38.908643,-77.012365
31083,38.82175,-77.047494
31403,38.956556,-77.019814
31615,38.899972,-76.998347
31068,38.856319,-77.11153
31251,38.903819,-77.0284
31002,38.856425,-77.049232
31611,38.900022,-76.988422
31263,38.9024,-77.02622
31500,38.919077,-77.000648
31638,38.900358,-77.012108
31203,38.9086,-77.0323
31401,38.9375,-77.0328
31619,38.890461,-76.988355
31310,38.955016,-77.069956
31408,38.975219,-77.016855
31232,38.897332,-77.022292
31021,38.8881,-77.09308
31265,38.90093,-77.018677
31231,38.894514,-77.031617
31007,38.857405,-77.051132
31240,38.88412,-77.04657
31037,38.881044,-77.111768
31259,38.894722,-77.045128
31247,38.888553,-77.032429
31091,38.859254,-77.063275
31269,38.887378,-77.001955
31282,38.912652,-77.036278
32053,38.999378,-77.097882
31212,38.90534,-77.046774
31015,38.8946,-77.072305
31124,38.928552,-77.032224
31312,38.90849,-77.063586
31601,38.8896,-76.9769
31097,38.812718,-77.044097
31216,38.899632,-77.031686
31244,38.88412,-77.017445
31918,38.812351,-77.040691
31120,38.920387,-77.025672
31509,38.912659,-77.017669
31272,38.886978,-77.013769
31308,38.943837,-77.077078
31284,38.893511,-77.041544
31022,38.88786,-77.094875
31078,38.869442,-77.104503
31039,38.880012,-77.107854
31253,38.902204,-77.04337
31080,38.897612,-77.080851
31293,38.902814,-77.061043
31221,38.905067,-77.041779
31277,38.89841,-77.039624
32003,38.983838,-77.09221
31261,38.892459,-77.046567
31201,38.90985,-77.034438
31074,38.869418,-77.095596
31023,38.885801,-77.097745
31006,38.8637,-77.0633
31712,38.894474,-76.974828
31287,38.884323,-77.02601
31125,38.919086,-77.034502
31626,38.88732,-76.983569
31642,38.903598,-77.01397
31319,38.949813,-77.080217
32038,39.110314,-77.182669
31617,38.900413,-76.982872
31049,38.883669,-77.113905
31608,38.8792,-76.9953
31036,38.87887,-77.1207
31279,38.898412,-77.043182
31278,38.912648,-77.041834
31907,38.798133,-77.0487
32019,38.990249,-77.02935
31637,38.899703,-77.008911
31008,38.8629,-77.0528
31805,38.873057,-76.971015
31301,38.938736,-77.087171
31114,38.918809,-77.041571
31901,38.884829,-77.127671
31009,38.848466,-77.051514
31801,38.862669,-76.994637
31307,38.930282,-77.055599
31506,38.915417,-77.012289
31076,38.839912,-77.087083
31622,38.894832,-76.987633
31645,38.902877,-76.998405
31214,38.9121,-77.0387
31041,38.803124,-77.040363
31045,38.805648,-77.05293
31254,38.902,-77.03353
31266,38.905607,-77.027137
31640,38.896134,-76.9929
31108,38.8767,-77.0178
31303,38.947607,-77.079382
31292,38.892441,-77.048947
31507,38.928743,-77.012457
31111,38.9172,-77.0259
31082,38.801111,-77.068952
32032,39.076331,-77.141378
31092,38.896456,-77.104562
31025,38.88397,-77.10783
31412,38.957463,-77.002239
31034,38.882629,-77.109366
31100,38.9003,-77.0429
31286,38.90843,-77.02714
31633,38.887312,-77.025762
31029,38.896923,-77.086502
31053,38.863833,-77.080319
31073,38.873219,-77.082104
31917,38.89386,-77.070862
31077,38.88992,-77.071301
32043,38.997445,-77.023894
31630,38.889908,-76.983326
31518,38.915604,-76.983683
31220,38.894919,-77.046587
31607,38.882915,-76.987907
31604,38.899408,-77.015289
31093,38.898984,-77.078317
31635,38.876737,-76.994468
31081,38.804378,-77.060866
31012,38.850688,-77.05152
31919,38.876695,-77.112982
32002,38.981103,-77.097426
31065,38.880705,-77.08596
32055,38.979875,-77.093522
31051,38.889365,-77.077294
31004,38.857866,-77.05949
31273,38.878433,-77.03023
31027,38.896355,-77.078408
32000,38.988562,-77.096539
31079,38.894941,-77.09169
31317,38.958267,-77.084636
31708,38.896544,-76.96012
31020,38.8904,-77.0889
31117,38.92333,-77.0352
31098,38.80704,-77.059817
31099,38.813485,-77.049468
31016,38.893438,-77.076389
31094,38.895377,-77.09713
31118,38.917622,-77.01597
31044,38.805317,-77.049883
31300,38.944551,-77.063896
31106,38.923203,-77.047637
31086,38.82595,-77.058541
31035,38.876393,-77.107735
31010,38.8426,-77.0502
31313,38.941154,-77.062036
31067,38.862478,-77.086599
31038,38.883921,-77.116817
31520,38.91263,-76.971923
32008,38.98954,-77.098029
31508,38.90509,-76.9941
31003,38.86017,-77.049593
31001,38.85725,-77.05332
31304,38.922581,-77.070334
32025,38.975,-77.01121
31046,38.811456,-77.050276
31089,38.890612,-77.084801
31226,38.916442,-77.0682
31414,38.967505,-77.027976
31609,38.878694,-77.023054
31606,38.8803,-76.9862
32048,38.984691,-77.094537
31085,38.820064,-77.057619
31915,38.818748,-77.047783
32011,38.983627,-77.006311
31052,38.844015,-77.050537
31407,38.956432,-77.032947
32027,38.992375,-77.100104
31122,38.928893,-77.03625
31707,38.889935,-76.93723
32222,38.915246,-77.220157
31517,38.908387,-76.996869
31516,38.920682,-76.995876
32215,38.948363,-77.338119
31031,38.89054,-77.08095
31028,38.893401,-77.085867
31644,38.882489,-76.990121
31411,38.961339,-77.027855
31013,38.854381,-77.053412
31908,38.828437,-77.086031
31019,38.889,-77.0925
31055,38.846222,-77.069275
31406,38.942016,-77.032652
32036,38.997033,-77.025608
31803,38.866611,-76.985238
32051,38.994113,-77.076986
31090,38.864702,-77.048672
31705,38.894,-76.947974
32049,38.986743,-77.000035
32017,39.083673,-77.149162
31294,38.88345,-77.021741
32035,38.999388,-77.031555
32040,38.96115,-77.088659
31515,38.952369,-77.002721
32062,39.038341,-77.051023
31914,38.797557,-77.053766
31048,38.805767,-77.06072
31913,38.820058,-77.062821
32205,38.924437,-77.217664
32046,38.964992,-77.103381
31315,38.964544,-77.075135
32031,39.094103,-77.132954
31054,38.857803,-77.086733
31033,38.850337,-77.100989
32024,38.989724,-77.023854
32014,38.961763,-77.085998
31804,38.865784,-76.9784
32204,38.920939,-77.222115
31405,38.949662,-77.027333
31903,38.799267,-77.0447
31026,38.884734,-77.093485
31070,38.873755,-77.089233
31060,38.84232,-77.089555
31309,38.954812,-77.082426
31710,38.898536,-76.931862
31069,38.871822,-77.107906
31043,38.810743,-77.044664
31802,38.867373,-76.988039
31306,38.922649,-77.077271
31902,38.876528,-77.12712
32020,39.107709,-77.152072
31030,38.89593,-77.089006
31510,38.927095,-76.978924
31084,38.802677,-77.063562
32021,38.982456,-77.091991
31904,38.884859,-77.155988
32029,38.977093,-77.094589
32018,39.123513,-77.15741
32218,38.960084,-77.353414
31318,38.947156,-77.065115
31059,38.84736,-77.095431
32039,38.999634,-77.109647
31501,38.933668,-76.991016
31800,38.84323,-76.999376
31087,38.820932,-77.053096
32214,38.957037,-77.359718
32004,39.096312,-77.192672
31504,38.932514,-76.992889
32044,39.085394,-77.145803
31000,38.858971,-77.05323
31096,38.86612,-77.08787
31906,38.812711,-77.061715
32203,38.919475,-77.221179
31207,38.9249,-77.0222
31071,38.86646,-77.04826
32045,39.119765,-77.166093
32066,39.032029,-77.04735
31056,38.847977,-77.075104
31706,38.86559,-76.952103
32050,38.997653,-77.034499
31075,38.866471,-77.076131
31811,38.831516,-77.008133
31066,38.867262,-77.072315
32001,38.985404,-77.023082
31050,38.884961,-77.08777
31018,38.892164,-77.079375
32212,38.960574,-77.356324
31700,38.860227,-76.966572
31912,38.841291,-77.063093
31812,38.870695,-76.982359
32012,38.99521,-77.02918
31521,38.93293,-76.979517
31900,38.898301,-77.118009
32007,39.084125,-77.151291
32209,38.970046,-77.338686
31040,38.884616,-77.10108
32052,39.105295,-77.194774
32006,38.987,-77.029417
31806,38.844711,-76.987823
32054,38.999679,-77.051168
31095,38.86215,-77.068121
32023,39.095661,-77.159048
31057,38.8444,-77.085931
32223,38.970412,-77.340787
32056,38.995681,-77.038721
31062,38.896553,-77.06714
31711,38.908473,-76.933099
32013,38.983525,-77.095367
32201,38.92403,-77.235955
32216,38.959633,-77.358741
32064,39.035965,-77.048395
31713,38.897407,-76.925907
31807,38.863897,-76.990037
31316,38.946182,-77.08059
31126,38.925636,-77.027112
31413,38.968834,-77.016258
31295,38.905368,-77.065149
32219,38.955314,-77.368416
31296,38.924088,-77.040787
32208,38.932636,-77.231825
32059,38.98265,-76.988311
32207,38.928919,-77.225394
31299,38.912644,-77.04564
31321,38.892244,-77.033234
31909,38.843422,-77.064016
31920,38.888282,-77.111066
31924,38.892556,-77.082089
32005,39.093783,-77.202501
32067,39.121327,-77.164969
31905,38.880992,-77.135271
32220,38.951443,-77.340377
31921,38.886048,-77.142317
31714,38.891805,-76.913563
32210,38.962524,-77.361902
31297,38.8995,-77.054155
31701,38.8692,-76.9599
32028,38.990639,-77.100239
31910,38.822738,-77.049265
32037,39.114688,-77.171487
31703,38.897063,-76.947446
32015,39.120045,-77.156985
31298,38.905424,-77.034674
31058,38.860789,-77.09586
32217,38.95534,-77.357611
32022,39.025387,-77.044563
31522,38.914751,-77.00356
32213,38.955079,-77.351649
31072,38.837666,-77.09482
32211,38.962095,-77.358815
32033,39.102212,-77.177091
32070,39.105642,-77.20386
32047,39.084379,-77.146866
31128,38.905303,-77.050264
31127,38.899104,-77.048946
32068,39.126,-77.1673
32058,38.990874,-77.016311
32071,39.106971,-77.192645
31704,38.901385,-76.941877
31320,38.936298,-77.087128
32057,39.014716,-77.107143
31923,38.858524,-77.103728
31129,38.89635,-77.03338
31646,38.88044,-77.025236
32221,38.923083,-77.227417
32063,39.044887,-77.047788
31523,38.915,-77.0078
32206,38.931911,-77.219261
32016,39.099376,-77.188014
32072,39.106152,-77.202354
31702,38.878,-76.9607
31064,38.834108,-77.087323
31813,38.84627,-76.98185
32065,39.043272,-77.053085
32200,38.929261,-77.240654
32042,39.097636,-77.196636
32225,38.964208,-77.35428
32041,39.103091,-77.196442
32069,39.12333,-77.16486
32030,39.102099,-77.200322
31816,38.836,-77.0009